<TraitementEtSalaire><identifiantFiscal>12345678</identifiantFiscal><nom></nom><prenom></prenom><raisonSociale>My Company</raisonSociale><exerciceFiscalDu>2019-01-01</exerciceFiscalDu><exerciceFiscalDAu>2019-12-31</exerciceFiscalDAu><annee>2019</annee><commune><code>False</code></commune><adresse>, Maroc</adresse><numeroCIN></numeroCIN><numeroCNSS>False</numeroCNSS><numeroCE>False</numeroCE><numeroRC>False</numeroRC><identifiantTP>False</identifiantTP><numeroFax>False</numeroFax><numeroTelephone></numeroTelephone><email>info@yourcompany.com</email><effectifTotal>1</effectifTotal><nbrPersoPermanent>1</nbrPersoPermanent><nbrPersoOccasionnel>0</nbrPersoOccasionnel><nbrStagiaires>0</nbrStagiaires><totalMtRevenuBrutImposablePP>20000.0</totalMtRevenuBrutImposablePP><totalMtRevenuNetImposablePP>0.0</totalMtRevenuNetImposablePP><totalMtTotalDeductionPP>2170.8</totalMtTotalDeductionPP><totalMtIrPrelevePP>0.0</totalMtIrPrelevePP><totalMtBrutSommesPO>0.0</totalMtBrutSommesPO><totalIrPrelevePO>0.0</totalIrPrelevePO><totalMtBrutTraitSalaireSTG>0.0</totalMtBrutTraitSalaireSTG><totalMtBrutIndemnitesSTG>0.0</totalMtBrutIndemnitesSTG><totalMtRetenuesSTG>0.0</totalMtRetenuesSTG><totalMtRevenuNetImpSTG>0.0</totalMtRevenuNetImpSTG><totalSommePayeRTS>20000.0</totalSommePayeRTS><totalmtAnuuelRevenuSalarial>0.0</totalmtAnuuelRevenuSalarial><totalmtAbondement>0.0</totalmtAbondement><montantPermanent>0.0</montantPermanent><montantOccasionnel>0.0</montantOccasionnel><montantStagiaire>0.0</montantStagiaire><listPersonnelPermanent><PersonnelPermanent><nom>Administrator</nom><prenom>adm</prenom><adressePersonnelle></adressePersonnelle><numCNI>False</numCNI><numCE>False</numCE><numPPR>False</numPPR><numCNSS>False</numCNSS><ifu>False</ifu><salaireBaseAnnuel>20000.0</salaireBaseAnnuel><mtBrutTraitementSalaire>20000.0</mtBrutTraitementSalaire><periode>26.0</periode><mtExonere>0</mtExonere><mtEcheances>0.0</mtEcheances><nbrReductions>0</nbrReductions><mtIndemnite>0.0</mtIndemnite><mtAvantages>0</mtAvantages><mtRevenuBrutImposable>20000.0</mtRevenuBrutImposable><mtFraisProfess>0.0</mtFraisProfess><mtCotisationAssur>0.0</mtCotisationAssur><mtAutresRetenues>2170.8</mtAutresRetenues><mtRevenuNetImposable>0.0</mtRevenuNetImposable><mtTotalDeduction>2170.8</mtTotalDeduction><irPreleve>0.0</irPreleve><casSportif>false</casSportif><numMatricule>False</numMatricule><datePermis></datePermis><dateAutorisation></dateAutorisation><refSituationFamiliale><code>C</code></refSituationFamiliale><refTaux><code>False</code></refTaux><listElementsExonere/></PersonnelPermanent></listPersonnelPermanent><listPersonnelExonere/><listPersonnelOccasionnel/><listStagiaires/><listDoctorants/><listBeneficiaires/><listBeneficiairesPlanEpargne/><listVersements><VersementTraitementSalaire><mois>1</mois><totalVersement>0</totalVersement><dateDerniereVersment>2019-01-01</dateDerniereVersment><listDetailPaiement><DetailPaiementTraitementSalaire><reference></reference><totalVerse>0</totalVerse><principal>0</principal><penalite>0</penalite><majorations>0</majorations><dateVersement></dateVersement><refMoyenPaiement><code></code></refMoyenPaiement></DetailPaiementTraitementSalaire></listDetailPaiement><numQuittance></numQuittance></VersementTraitementSalaire><VersementTraitementSalaire><mois>2</mois><totalVersement>0</totalVersement><dateDerniereVersment>2019-02-01</dateDerniereVersment><listDetailPaiement><DetailPaiementTraitementSalaire><reference></reference><totalVerse>0</totalVerse><principal>0</principal><penalite>0</penalite><majorations>0</majorations><dateVersement></dateVersement><refMoyenPaiement><code></code></refMoyenPaiement></DetailPaiementTraitementSalaire></listDetailPaiement><numQuittance></numQuittance></VersementTraitementSalaire><VersementTraitementSalaire><mois>3</mois><totalVersement>0</totalVersement><dateDerniereVersment>2019-03-01</dateDerniereVersment><listDetailPaiement><DetailPaiementTraitementSalaire><reference></reference><totalVerse>0</totalVerse><principal>0</principal><penalite>0</penalite><majorations>0</majorations><dateVersement></dateVersement><refMoyenPaiement><code></code></refMoyenPaiement></DetailPaiementTraitementSalaire></listDetailPaiement><numQuittance></numQuittance></VersementTraitementSalaire><VersementTraitementSalaire><mois>4</mois><totalVersement>0</totalVersement><dateDerniereVersment>2019-04-01</dateDerniereVersment><listDetailPaiement><DetailPaiementTraitementSalaire><reference></reference><totalVerse>0</totalVerse><principal>0</principal><penalite>0</penalite><majorations>0</majorations><dateVersement></dateVersement><refMoyenPaiement><code></code></refMoyenPaiement></DetailPaiementTraitementSalaire></listDetailPaiement><numQuittance></numQuittance></VersementTraitementSalaire><VersementTraitementSalaire><mois>5</mois><totalVersement>17830.0</totalVersement><dateDerniereVersment>2019-05-01</dateDerniereVersment><listDetailPaiement><DetailPaiementTraitementSalaire><reference>05/2019</reference><totalVerse>17830.0</totalVerse><principal>17830.0</principal><penalite>0.0</penalite><majorations>0.0</majorations><dateVersement>False</dateVersement><refMoyenPaiement><code>False</code></refMoyenPaiement></DetailPaiementTraitementSalaire></listDetailPaiement><numQuittance>False</numQuittance></VersementTraitementSalaire><VersementTraitementSalaire><mois>6</mois><totalVersement>0</totalVersement><dateDerniereVersment>2019-06-01</dateDerniereVersment><listDetailPaiement><DetailPaiementTraitementSalaire><reference></reference><totalVerse>0</totalVerse><principal>0</principal><penalite>0</penalite><majorations>0</majorations><dateVersement></dateVersement><refMoyenPaiement><code></code></refMoyenPaiement></DetailPaiementTraitementSalaire></listDetailPaiement><numQuittance></numQuittance></VersementTraitementSalaire><VersementTraitementSalaire><mois>7</mois><totalVersement>0</totalVersement><dateDerniereVersment>2019-07-01</dateDerniereVersment><listDetailPaiement><DetailPaiementTraitementSalaire><reference></reference><totalVerse>0</totalVerse><principal>0</principal><penalite>0</penalite><majorations>0</majorations><dateVersement></dateVersement><refMoyenPaiement><code></code></refMoyenPaiement></DetailPaiementTraitementSalaire></listDetailPaiement><numQuittance></numQuittance></VersementTraitementSalaire><VersementTraitementSalaire><mois>8</mois><totalVersement>0</totalVersement><dateDerniereVersment>2019-08-01</dateDerniereVersment><listDetailPaiement><DetailPaiementTraitementSalaire><reference></reference><totalVerse>0</totalVerse><principal>0</principal><penalite>0</penalite><majorations>0</majorations><dateVersement></dateVersement><refMoyenPaiement><code></code></refMoyenPaiement></DetailPaiementTraitementSalaire></listDetailPaiement><numQuittance></numQuittance></VersementTraitementSalaire><VersementTraitementSalaire><mois>9</mois><totalVersement>0</totalVersement><dateDerniereVersment>2019-09-01</dateDerniereVersment><listDetailPaiement><DetailPaiementTraitementSalaire><reference></reference><totalVerse>0</totalVerse><principal>0</principal><penalite>0</penalite><majorations>0</majorations><dateVersement></dateVersement><refMoyenPaiement><code></code></refMoyenPaiement></DetailPaiementTraitementSalaire></listDetailPaiement><numQuittance></numQuittance></VersementTraitementSalaire><VersementTraitementSalaire><mois>10</mois><totalVersement>0</totalVersement><dateDerniereVersment>2019-10-01</dateDerniereVersment><listDetailPaiement><DetailPaiementTraitementSalaire><reference></reference><totalVerse>0</totalVerse><principal>0</principal><penalite>0</penalite><majorations>0</majorations><dateVersement></dateVersement><refMoyenPaiement><code></code></refMoyenPaiement></DetailPaiementTraitementSalaire></listDetailPaiement><numQuittance></numQuittance></VersementTraitementSalaire><VersementTraitementSalaire><mois>11</mois><totalVersement>0</totalVersement><dateDerniereVersment>2019-11-01</dateDerniereVersment><listDetailPaiement><DetailPaiementTraitementSalaire><reference></reference><totalVerse>0</totalVerse><principal>0</principal><penalite>0</penalite><majorations>0</majorations><dateVersement></dateVersement><refMoyenPaiement><code></code></refMoyenPaiement></DetailPaiementTraitementSalaire></listDetailPaiement><numQuittance></numQuittance></VersementTraitementSalaire><VersementTraitementSalaire><mois>12</mois><totalVersement>0</totalVersement><dateDerniereVersment>2019-12-01</dateDerniereVersment><listDetailPaiement><DetailPaiementTraitementSalaire><reference></reference><totalVerse>0</totalVerse><principal>0</principal><penalite>0</penalite><majorations>0</majorations><dateVersement></dateVersement><refMoyenPaiement><code></code></refMoyenPaiement></DetailPaiementTraitementSalaire></listDetailPaiement><numQuittance></numQuittance></VersementTraitementSalaire></listVersements></TraitementEtSalaire>